5e-07,5.17468e-07
1e-06,5.16934e-07
1.5e-06,5.16071e-07
2e-06,5.15866e-07
2.5e-06,5.15332e-07
3e-06,5.14141e-07
3.5e-06,5.13716e-07
4e-06,5.1373e-07
4.5e-06,5.12868e-07
5e-06,5.12663e-07
5.5e-06,5.11472e-07
6e-06,5.10281e-07
6.5e-06,5.10842e-07
7e-06,5.09214e-07
7.5e-06,5.09994e-07
8e-06,5.09461e-07
8.5e-06,5.07286e-07
9e-06,5.07081e-07
9.5e-06,5.07751e-07
1e-05,5.07327e-07
1.05e-05,5.05481e-07
1.1e-05,5.05604e-07
1.15e-05,5.05617e-07
1.2e-05,5.02569e-07
1.25e-05,5.0466e-07
1.3e-05,5.03908e-07
1.35e-05,5.01298e-07
1.4e-05,5.01749e-07
1.45e-05,5.01434e-07
1.5e-05,5.01995e-07
1.55e-05,5.00915e-07
1.6e-05,5.00929e-07
1.65e-05,4.9974e-07
1.7e-05,4.96367e-07
1.75e-05,4.98783e-07
1.8e-05,4.97486e-07
1.85e-05,4.95097e-07
1.9e-05,4.95547e-07
1.95e-05,4.9556e-07
2e-05,4.96666e-07
2.05e-05,4.92312e-07
2.1e-05,4.9429e-07
2.15e-05,4.92666e-07
2.2e-05,4.91479e-07
2.25e-05,4.90729e-07
2.3e-05,4.90851e-07
2.35e-05,4.9272e-07
2.4e-05,4.87169e-07
2.45e-05,4.91328e-07
2.5e-05,4.91341e-07
2.55e-05,4.89172e-07
2.6e-05,4.87222e-07
2.65e-05,4.88326e-07
2.7e-05,4.83978e-07
2.75e-05,4.83228e-07
2.8e-05,4.83786e-07
2.85e-05,4.83364e-07
2.9e-05,4.85993e-07
2.95e-05,4.83281e-07
3e-05,4.8602e-07
3.05e-05,4.79276e-07
3.1e-05,4.81032e-07
3.15e-05,4.83116e-07
3.2e-05,4.83892e-07
3.25e-05,4.81726e-07
3.3e-05,4.82175e-07
3.35e-05,4.76633e-07
3.4e-05,4.78279e-07
3.45e-05,4.78619e-07
3.5e-05,4.76346e-07
3.55e-05,4.77883e-07
3.6e-05,4.74413e-07
3.65e-05,4.72576e-07
3.7e-05,4.71392e-07
3.75e-05,4.78045e-07
3.8e-05,4.75336e-07
3.85e-05,4.70344e-07
3.9e-05,4.70574e-07
3.95e-05,4.75375e-07
4e-05,4.75388e-07
4.05e-05,4.69635e-07
4.1e-05,4.6606e-07
4.15e-05,4.73033e-07
4.2e-05,4.71958e-07
4.25e-05,4.711e-07
4.3e-05,4.69808e-07
4.35e-05,4.67429e-07
4.4e-05,4.63313e-07
4.45e-05,4.66477e-07
4.5e-05,4.66816e-07
4.55e-05,4.63677e-07
4.6e-05,4.66407e-07
4.65e-05,4.64572e-07
4.7e-05,4.67737e-07
4.75e-05,4.6525e-07
4.8e-05,4.56467e-07
4.85e-05,4.61799e-07
4.9e-05,4.59966e-07
4.95e-05,4.61064e-07
5e-05,4.64771e-07
5.05e-05,4.59787e-07
5.1e-05,4.56544e-07
5.15e-05,4.54712e-07
5.2e-05,4.53965e-07
5.25e-05,4.53978e-07
5.3e-05,4.54425e-07
5.35e-05,4.5498e-07
5.4e-05,4.55318e-07
5.45e-05,4.55114e-07
5.5e-05,4.54041e-07
5.55e-05,4.51777e-07
5.6e-05,4.47996e-07
5.65e-05,4.54622e-07
5.7e-05,4.46937e-07
5.75e-05,4.49225e-07
5.8e-05,4.48913e-07
5.85e-05,4.45675e-07
5.9e-05,4.51973e-07
5.95e-05,4.42019e-07
6e-05,4.54168e-07
6.05e-05,4.49409e-07
6.1e-05,4.40325e-07
6.15e-05,4.39904e-07
6.2e-05,4.48146e-07
6.25e-05,4.51519e-07
6.3e-05,4.49689e-07
6.35e-05,4.42335e-07
6.4e-05,4.42997e-07
6.45e-05,4.37707e-07
6.5e-05,4.40208e-07
6.55e-05,4.36325e-07
6.6e-05,4.40016e-07
6.65e-05,4.36891e-07
6.7e-05,4.41123e-07
6.75e-05,4.38106e-07
6.8e-05,4.4223e-07
6.85e-05,4.38671e-07
6.9e-05,4.42039e-07
6.95e-05,4.3729e-07
7e-05,4.39249e-07
7.05e-05,4.32665e-07
7.1e-05,4.32569e-07
7.15e-05,4.38962e-07
7.2e-05,4.3627e-07
7.25e-05,4.39852e-07
7.3e-05,4.33915e-07
7.35e-05,4.34036e-07
7.4e-05,4.24218e-07
7.45e-05,4.36331e-07
7.5e-05,4.38291e-07
7.55e-05,4.29762e-07
7.6e-05,4.26858e-07
7.65e-05,4.2957e-07
7.7e-05,4.2127e-07
7.75e-05,4.35107e-07
7.8e-05,4.20862e-07
7.85e-05,4.28754e-07
7.9e-05,4.24987e-07
7.95e-05,4.26403e-07
8e-05,4.33006e-07
8.05e-05,4.27399e-07
8.1e-05,4.26763e-07
8.15e-05,4.31097e-07
8.2e-05,4.22685e-07
8.25e-05,4.19029e-07
8.3e-05,4.2012e-07
8.35e-05,4.2596e-07
8.4e-05,4.18418e-07
8.45e-05,4.15412e-07
8.5e-05,4.16933e-07
8.55e-05,4.22985e-07
8.6e-05,4.15017e-07
8.65e-05,4.11366e-07
8.7e-05,4.12024e-07
8.75e-05,4.16993e-07
8.8e-05,4.0731e-07
8.85e-05,4.20792e-07
8.9e-05,4.19401e-07
8.95e-05,4.2211e-07
9e-05,4.09511e-07
9.05e-05,4.203e-07
9.1e-05,4.15567e-07
9.15e-05,4.14717e-07
9.2e-05,4.17747e-07
9.25e-05,4.04726e-07
9.3e-05,4.15399e-07
9.35e-05,4.09809e-07
9.4e-05,4.07883e-07
9.45e-05,4.09617e-07
9.5e-05,4.15016e-07
9.55e-05,4.03506e-07
9.6e-05,3.95456e-07
9.65e-05,4.11603e-07
9.7e-05,4.10538e-07
9.75e-05,4.1292e-07
9.8e-05,3.97652e-07
9.85e-05,4.06805e-07
9.9e-05,3.98105e-07
9.95e-05,3.92638e-07
0.0001,4.11901e-07
0.0001005,3.91373e-07
0.000101,3.95573e-07
0.0001015,4.03001e-07
0.000102,3.9173e-07
0.0001025,4.05499e-07
0.000103,4.00348e-07
0.0001035,3.98209e-07
0.000104,3.99081e-07
0.0001045,4.02964e-07
0.000105,3.87292e-07
0.0001055,3.97074e-07
0.000106,3.871e-07
0.0001065,4.02795e-07
0.000107,3.98505e-07
0.0001075,3.97012e-07
0.000108,3.98314e-07
0.0001085,4.02411e-07
0.000109,3.85882e-07
0.0001095,3.95447e-07
0.00011,3.84189e-07
0.0001105,3.99231e-07
0.000111,3.93226e-07
0.0001115,3.89801e-07
0.000112,3.88954e-07
0.0001125,3.90683e-07
0.000113,3.9499e-07
0.0001135,3.77518e-07
0.000114,3.86854e-07
0.0001145,3.74221e-07
0.000115,3.88594e-07
0.0001155,3.80777e-07
0.000116,3.75325e-07
0.0001165,3.72233e-07
0.000117,3.71495e-07
0.0001175,3.73111e-07
0.000118,3.77084e-07
0.0001185,3.83417e-07
0.000119,3.66621e-07
0.0001195,3.77546e-07
0.00012,3.90854e-07
0.0001205,3.80675e-07
0.000121,3.72655e-07
0.0001215,3.66783e-07
0.000122,3.63054e-07
0.0001225,3.87691e-07
0.000123,3.62008e-07
0.0001235,3.6469e-07
0.000124,3.69512e-07
0.0001245,3.7648e-07
0.000125,3.85602e-07
0.0001255,3.69973e-07
0.000126,3.83265e-07
0.0001265,3.716e-07
0.000127,3.61882e-07
0.0001275,3.81368e-07
0.000128,3.75594e-07
0.0001285,3.71751e-07
0.000129,3.69837e-07
0.0001295,3.69848e-07
0.00013,3.71785e-07
0.0001305,3.7565e-07
0.000131,3.53431e-07
0.0001315,3.6102e-07
0.000132,3.70545e-07
0.0001325,3.53677e-07
0.000133,3.6693e-07
0.0001335,3.53592e-07
0.000134,3.70589e-07
0.0001345,3.60765e-07
0.000135,3.52664e-07
0.0001355,3.4628e-07
0.000136,3.70633e-07
0.0001365,3.67756e-07
0.000137,3.6659e-07
0.0001375,3.67136e-07
0.000138,3.69393e-07
0.0001385,3.43788e-07
0.000139,3.49339e-07
0.0001395,3.56603e-07
0.00014,3.65587e-07
0.0001405,3.4628e-07
0.000141,3.58557e-07
0.0001415,3.42361e-07
0.000142,3.57938e-07
0.0001425,3.44832e-07
0.000143,3.63728e-07
0.0001435,3.53701e-07
0.000144,3.45183e-07
0.0001445,3.38168e-07
0.000145,3.63558e-07
0.0001455,3.59615e-07
0.000146,3.5717e-07
0.0001465,3.5622e-07
0.000147,3.56764e-07
0.0001475,3.58804e-07
0.000148,3.30799e-07
0.0001485,3.357e-07
0.000149,3.42095e-07
0.0001495,3.4999e-07
0.00015,3.59392e-07
0.0001505,3.38188e-07
0.000151,3.50448e-07
0.0001515,3.31935e-07
0.000152,3.47058e-07
0.0001525,3.31212e-07
0.000153,3.49211e-07
0.0001535,3.36017e-07
0.000154,3.24128e-07
0.0001545,3.46365e-07
0.000155,3.37112e-07
0.0001555,3.29149e-07
0.000156,3.22471e-07
0.0001565,3.50352e-07
0.000157,3.46311e-07
0.0001575,3.43552e-07
0.000158,3.42071e-07
0.0001585,3.41869e-07
0.000159,3.42944e-07
0.0001595,3.45298e-07
0.00016,3.48933e-07
0.0001605,3.197e-07
0.000161,3.25758e-07
0.0001615,3.331e-07
0.000162,3.41729e-07
0.0001625,3.1709e-07
0.000163,3.28136e-07
0.0001635,3.40483e-07
0.000164,3.19241e-07
0.0001645,3.34013e-07
0.000165,3.1502e-07
0.0001655,3.32226e-07
0.000166,3.15465e-07
0.0001665,3.35118e-07
0.000167,3.20575e-07
0.0001675,3.07128e-07
0.000168,3.30364e-07
0.0001685,3.1912e-07
0.000169,3.08958e-07
0.0001695,3.35818e-07
0.00017,3.27855e-07
0.0001705,3.20964e-07
0.000171,3.15142e-07
0.0001715,3.10384e-07
0.000172,3.06689e-07
0.0001725,3.04054e-07
0.000173,3.02478e-07
0.0001735,3.01959e-07
0.000174,3.02498e-07
0.0001745,3.04094e-07
0.000175,3.06749e-07
0.0001755,3.10464e-07
0.000176,3.15242e-07
0.0001765,3.21086e-07
0.000177,3.27998e-07
0.0001775,2.98338e-07
0.000178,3.07232e-07
0.0001785,3.17201e-07
0.000179,3.28251e-07
0.0001795,3.02289e-07
0.00018,3.15323e-07
0.0001805,2.91216e-07
0.000181,3.06233e-07
0.0001815,3.22354e-07
0.000182,3.00964e-07
0.0001825,3.19084e-07
0.000183,2.99503e-07
0.0001835,3.19635e-07
0.000184,3.01849e-07
0.0001845,2.84964e-07
0.000185,3.08006e-07
0.0001855,2.92896e-07
0.000186,3.17988e-07
0.0001865,3.04648e-07
0.000187,2.92187e-07
0.0001875,3.20246e-07
0.000188,3.09548e-07
0.0001885,2.99717e-07
0.000189,2.90747e-07
0.0001895,2.82636e-07
0.00019,3.15522e-07
0.0001905,3.09173e-07
0.000191,3.03679e-07
0.0001915,2.99035e-07
0.000192,2.9524e-07
0.0001925,2.92293e-07
0.000193,2.90191e-07
0.0001935,2.88934e-07
0.000194,2.88522e-07
0.0001945,2.88954e-07
0.000195,2.9023e-07
0.0001955,2.92351e-07
0.000196,2.95318e-07
0.0001965,2.99132e-07
0.000197,3.03796e-07
0.0001975,3.09311e-07
0.000198,2.73846e-07
0.0001985,2.8091e-07
0.000199,2.88829e-07
0.0001995,2.97604e-07
0.0002,3.07242e-07
0.0002005,2.75366e-07
0.000201,2.86546e-07
0.0002015,2.98594e-07
0.000202,2.68871e-07
0.0002025,2.82461e-07
0.000203,2.96932e-07
0.0002035,2.6932e-07
0.000204,2.85337e-07
0.0002045,3.02248e-07
0.000205,2.76714e-07
0.0002055,2.95183e-07
0.000206,2.71049e-07
0.0002065,2.91083e-07
0.000207,2.68333e-07
0.0002075,2.8994e-07
0.000208,2.68562e-07
0.0002085,2.91754e-07
0.000209,2.71736e-07
0.0002095,2.96528e-07
0.00021,2.7786e-07
0.0002105,2.59887e-07
0.000211,2.86946e-07
0.0002115,2.70309e-07
0.000212,2.54353e-07
0.0002125,2.83704e-07
0.000213,2.69075e-07
0.0002135,2.55114e-07
0.000214,2.86791e-07
0.0002145,2.74153e-07
0.000215,2.62175e-07
0.0002155,2.50851e-07
0.000216,2.85563e-07
0.0002165,2.75559e-07
0.000217,2.66204e-07
0.0002175,2.57495e-07
0.000218,2.49429e-07
0.0002185,2.87931e-07
0.000219,2.8119e-07
0.0002195,2.75088e-07
0.00022,2.69624e-07
0.0002205,2.64796e-07
0.000221,2.60603e-07
0.0002215,2.57043e-07
0.000222,2.54114e-07
0.0002225,2.51815e-07
0.000223,2.50147e-07
0.0002235,2.49108e-07
0.000224,2.48698e-07
0.0002245,2.48916e-07
0.000225,2.49763e-07
0.0002255,2.5124e-07
0.000226,2.53346e-07
0.0002265,2.56083e-07
0.000227,2.59451e-07
0.0002275,2.63452e-07
0.000228,2.68087e-07
0.0002285,2.73358e-07
0.000229,2.31208e-07
0.0002295,2.37593e-07
0.00023,2.44613e-07
0.0002305,2.52272e-07
0.000231,2.60573e-07
0.0002315,2.69518e-07
0.000232,2.30424e-07
0.0002325,2.4047e-07
0.000233,2.51163e-07
0.0002335,2.62509e-07
0.000234,2.25447e-07
0.0002345,2.37889e-07
0.000235,2.50989e-07
0.0002355,2.64752e-07
0.000236,2.29657e-07
0.0002365,2.44518e-07
0.000237,2.6005e-07
0.0002375,2.26446e-07
0.000238,2.43078e-07
0.0002385,2.60392e-07
0.000239,2.28247e-07
0.0002395,2.46665e-07
0.00024,2.65779e-07
0.0002405,2.35064e-07
0.000241,2.55291e-07
0.0002415,2.25575e-07
0.000242,2.46918e-07
0.0002425,2.18186e-07
0.000243,2.40652e-07
0.0002435,2.1289e-07
0.000244,2.36484e-07
0.0002445,2.60814e-07
0.000245,2.34409e-07
0.0002455,2.59886e-07
0.000246,2.34426e-07
0.0002465,2.09504e-07
0.000247,2.36535e-07
0.0002475,2.1254e-07
0.000248,2.40738e-07
0.0002485,2.17661e-07
0.000249,2.4704e-07
0.0002495,2.24875e-07
0.00025,2.55449e-07
0.0002505,2.3419e-07
0.000251,2.13431e-07
0.0002515,2.45616e-07
0.000252,2.25752e-07
0.0002525,2.06377e-07
0.000253,2.40196e-07
0.0002535,2.21707e-07
0.000254,2.03698e-07
0.0002545,2.39175e-07
0.000255,2.22045e-07
0.0002555,2.05386e-07
0.000256,2.42551e-07
0.0002565,2.26767e-07
0.000257,2.11447e-07
0.0002575,1.96585e-07
0.000258,2.35886e-07
0.0002585,2.21895e-07
0.000259,2.08356e-07
0.0002595,1.95268e-07
0.00026,2.36756e-07
0.0002605,2.24537e-07
0.000261,2.12762e-07
0.0002615,2.01428e-07
0.000262,1.90534e-07
0.0002625,2.34706e-07
0.000263,2.24683e-07
0.0002635,2.15095e-07
0.000264,2.0594e-07
0.0002645,1.97217e-07
0.000265,1.88922e-07
0.0002655,2.36326e-07
0.000266,2.2891e-07
0.0002665,2.21922e-07
0.000267,2.1536e-07
0.0002675,2.09223e-07
0.000268,2.03508e-07
0.0002685,1.98215e-07
0.000269,1.93342e-07
0.0002695,1.88889e-07
0.00027,1.84854e-07
0.0002705,1.81235e-07
0.000271,1.78034e-07
0.0002715,2.3172e-07
0.000272,2.29428e-07
0.0002725,2.27555e-07
0.000273,2.26101e-07
0.0002735,2.25065e-07
0.000274,2.24447e-07
0.0002745,2.24246e-07
0.000275,2.24463e-07
0.0002755,2.25098e-07
0.000276,2.2615e-07
0.0002765,2.27621e-07
0.000277,1.71919e-07
0.0002775,1.74098e-07
0.000278,1.76692e-07
0.0002785,1.79702e-07
0.000279,1.83128e-07
0.0002795,1.86971e-07
0.00028,1.91231e-07
0.0002805,1.95911e-07
0.000281,2.01011e-07
0.0002815,2.06533e-07
0.000282,2.12477e-07
0.0002825,2.18845e-07
0.000283,1.66842e-07
0.0002835,1.73879e-07
0.000284,1.81339e-07
0.0002845,1.89226e-07
0.000285,1.9754e-07
0.0002855,2.06284e-07
0.000286,2.15459e-07
0.0002865,1.65551e-07
0.000287,1.7538e-07
0.0002875,1.85642e-07
0.000288,1.9634e-07
0.0002885,2.07476e-07
0.000289,1.59085e-07
0.0002895,1.70866e-07
0.00029,1.83089e-07
0.0002905,1.95755e-07
0.000291,2.08869e-07
0.0002915,1.61908e-07
0.000292,1.75662e-07
0.0002925,1.89868e-07
0.000293,2.04528e-07
0.0002935,1.58738e-07
0.000294,1.74036e-07
0.0002945,1.89795e-07
0.000295,2.06017e-07
0.0002955,1.61347e-07
0.000296,1.78207e-07
0.0002965,1.95536e-07
0.000297,1.51778e-07
0.0002975,1.69745e-07
0.000298,1.88188e-07
0.0002985,1.45313e-07
0.000299,1.64393e-07
0.0002995,1.83958e-07
0.0003,2.04013e-07
0.0003005,1.62143e-07
0.000301,1.82841e-07
0.0003015,1.41651e-07
0.000302,1.62991e-07
0.0003025,1.84833e-07
0.000303,1.4445e-07
0.0003035,1.66939e-07
0.000304,1.89939e-07
0.0003045,1.5034e-07
0.000305,1.73993e-07
0.0003055,1.98169e-07
0.000306,1.59333e-07
0.0003065,1.84167e-07
0.000307,1.45948e-07
0.0003075,1.71443e-07
0.000308,1.33829e-07
0.0003085,1.59988e-07
0.000309,1.86694e-07
0.0003095,1.49793e-07
0.00031,1.77173e-07
0.0003105,1.40852e-07
0.000311,1.68909e-07
0.0003115,1.33158e-07
0.000312,1.61897e-07
0.0003125,1.9121e-07
0.000313,1.56131e-07
0.0003135,1.86139e-07
0.000314,1.51609e-07
0.0003145,1.82316e-07
0.000315,1.48325e-07
0.0003155,1.7974e-07
0.000316,1.4628e-07
0.0003165,1.78408e-07
0.000317,1.4547e-07
0.0003175,1.78319e-07
0.000318,1.45896e-07
0.0003185,1.79473e-07
0.000319,1.47557e-07
0.0003195,1.81872e-07
0.00032,1.50456e-07
0.0003205,1.19432e-07
0.000321,1.54594e-07
0.0003215,1.24058e-07
0.000322,1.59974e-07
0.0003225,1.29919e-07
0.000323,1.66601e-07
0.0003235,1.37021e-07
0.000324,1.74478e-07
0.0003245,1.45368e-07
0.000325,1.16624e-07
0.0003255,1.54967e-07
0.000326,1.26682e-07
0.0003265,1.65824e-07
0.000327,1.37994e-07
0.0003275,1.10516e-07
0.000328,1.50568e-07
0.0003285,1.23536e-07
0.000329,1.64412e-07
0.0003295,1.37822e-07
0.00033,1.11572e-07
0.0003305,1.53386e-07
0.000331,1.2757e-07
0.0003315,1.70238e-07
0.000332,1.44854e-07
0.0003325,1.19796e-07
0.000333,1.63435e-07
0.0003335,1.38802e-07
0.000334,1.14489e-07
0.0003345,1.59118e-07
0.000335,1.35224e-07
0.0003355,1.11643e-07
0.000336,1.5728e-07
0.0003365,1.34113e-07
0.000337,1.11253e-07
0.0003375,1.5792e-07
0.000338,1.35469e-07
0.0003385,1.13319e-07
0.000339,1.61039e-07
0.0003395,1.39294e-07
0.00034,1.17844e-07
0.0003405,9.66857e-08
0.000341,1.45594e-07
0.0003415,1.24835e-07
0.000342,1.04363e-07
0.0003425,1.54377e-07
0.000343,1.34303e-07
0.0003435,1.14509e-07
0.000344,9.49948e-08
0.0003445,1.46259e-07
0.000345,1.27139e-07
0.0003455,1.08292e-07
0.000346,8.97174e-08
0.0003465,1.4227e-07
0.000347,1.24086e-07
0.0003475,1.0617e-07
0.000348,8.8519e-08
0.0003485,1.424e-07
0.000349,1.25138e-07
0.0003495,1.08138e-07
0.00035,9.13972e-08
0.0003505,1.46649e-07
0.000351,1.30298e-07
0.0003515,1.14202e-07
0.000352,9.83594e-08
0.0003525,8.27685e-08
0.000353,1.39577e-07
0.0003535,1.24376e-07
0.000354,1.09422e-07
0.0003545,9.47158e-08
0.000355,8.02542e-08
0.0003555,1.38684e-07
0.000356,1.24613e-07
0.0003565,1.10784e-07
0.000357,9.71957e-08
0.0003575,8.38463e-08
0.000358,1.43968e-07
0.0003585,1.31012e-07
0.000359,1.18293e-07
0.0003595,1.05809e-07
0.00036,9.35584e-08
0.0003605,8.15405e-08
0.000361,6.97533e-08
0.0003615,1.31975e-07
0.000362,1.20586e-07
0.0003625,1.09426e-07
0.000363,9.8494e-08
0.0003635,8.77886e-08
0.000364,7.73085e-08
0.0003645,6.70524e-08
0.000365,1.31507e-07
0.0003655,1.21656e-07
0.000366,1.12029e-07
0.0003665,1.02623e-07
0.000367,9.34387e-08
0.0003675,8.44739e-08
0.000368,7.57279e-08
0.0003685,6.71996e-08
0.000369,5.88878e-08
0.0003695,1.2612e-07
0.00037,1.18226e-07
0.0003705,1.10548e-07
0.000371,1.03087e-07
0.0003715,9.58398e-08
0.000372,8.88067e-08
0.0003725,8.19867e-08
0.000373,7.53788e-08
0.0003735,6.89824e-08
0.000374,6.27967e-08
0.0003745,5.6821e-08
0.000375,1.27524e-07
0.0003755,1.21987e-07
0.000376,1.1666e-07
0.0003765,1.11544e-07
0.000377,1.06637e-07
0.0003775,1.01939e-07
0.000378,9.74489e-08
0.0003785,9.31672e-08
0.000379,8.90929e-08
0.0003795,8.52254e-08
0.00038,8.15644e-08
0.0003805,7.81094e-08
0.000381,7.48601e-08
0.0003815,7.18159e-08
0.000382,6.89767e-08
0.0003825,6.6342e-08
0.000383,6.39115e-08
0.0003835,6.1685e-08
0.000384,5.96622e-08
0.0003845,5.78429e-08
0.000385,5.62268e-08
0.0003855,5.48138e-08
0.000386,5.36037e-08
0.0003865,5.25964e-08
0.000387,5.17918e-08
0.0003875,5.11897e-08
0.000388,5.07901e-08
0.0003885,5.0593e-08
0.000389,5.05984e-08
0.0003895,5.08062e-08
0.00039,5.12165e-08
0.0003905,5.18293e-08
0.000391,5.26448e-08
0.0003915,5.36629e-08
0.000392,5.48839e-08
0.0003925,5.6308e-08
0.000393,5.79352e-08
0.0003935,5.97657e-08
0.000394,6.17999e-08
0.0003945,6.40379e-08
0.000395,6.648e-08
0.0003955,6.91265e-08
0.000396,7.19778e-08
0.0003965,7.50341e-08
0.000397,7.82959e-08
0.0003975,8.17635e-08
0.000398,8.54374e-08
0.0003985,8.9318e-08
0.000399,9.34057e-08
0.0003995,9.77011e-08
0.0004,1.02205e-07
0.0004005,2.55704e-08
0.000401,3.03131e-08
0.0004015,3.52623e-08
0.000402,4.04184e-08
0.0004025,4.57821e-08
0.000403,5.13541e-08
0.0004035,5.7135e-08
0.000404,6.31256e-08
0.0004045,6.93265e-08
0.000405,7.57385e-08
0.0004055,8.23624e-08
0.000406,8.91989e-08
0.0004065,1.38535e-08
0.000407,2.09008e-08
0.0004075,2.81596e-08
0.000408,3.56309e-08
0.0004085,4.33154e-08
0.000409,5.12142e-08
0.0004095,5.93282e-08
0.00041,6.76584e-08
0.0004105,7.62058e-08
0.000411,8.49714e-08
0.0004115,1.05844e-08
0.000412,1.954e-08
0.0004125,2.87132e-08
0.000413,3.81051e-08
0.0004135,4.77169e-08
0.000414,5.75498e-08
0.0004145,6.76049e-08
0.000415,7.78835e-08
0.0004155,4.29512e-09
0.000416,1.47486e-08
0.0004165,2.54254e-08
0.000417,3.63268e-08
0.0004175,4.7454e-08
0.000418,5.88086e-08
0.0004185,7.03919e-08
0.000419,8.22054e-08
0.0004195,9.25278e-09
0.00042,2.12278e-08
0.0004205,3.3433e-08
0.000421,4.58701e-08
0.0004215,5.85406e-08
0.000422,7.14461e-08
0.0004225,8.57556e-10
0.000423,1.22e-08
0.0004235,2.5493e-08
0.000424,3.9023e-08
0.0004245,5.27919e-08
0.000425,6.68013e-08
0.0004255,4.9405e-09
0.000426,9.21247e-09
0.0004265,2.36067e-08
0.000427,3.82441e-08
0.0004275,5.31264e-08
0.000428,6.82556e-08
0.0004285,3.00951e-09
0.000429,1.22556e-08
0.0004295,2.77687e-08
0.00043,4.35316e-08
0.0004305,5.95464e-08
0.000431,1.12014e-08
0.0004315,4.94338e-09
0.000432,2.13414e-08
0.0004325,3.79947e-08
0.000433,5.49054e-08
0.0004335,1.5382e-08
0.000434,1.65325e-09
0.0004345,1.89475e-08
0.000435,3.65031e-08
0.0004355,5.43222e-08
0.000436,1.55607e-08
0.0004365,2.37803e-09
0.000437,2.05821e-08
0.0004375,3.9054e-08
0.000438,5.7796e-08
0.0004385,1.17373e-08
0.000439,7.12004e-09
0.0004395,2.62496e-08
0.00044,4.56539e-08
0.0004405,2.34183e-08
0.000441,3.90209e-09
0.0004415,1.58911e-08
0.000442,3.5964e-08
0.0004425,5.63192e-08
0.000443,1.24997e-08
0.0004435,7.96407e-09
0.000444,2.87127e-08
0.0004445,4.9749e-08
0.000445,1.86848e-08
0.0004455,2.45743e-09
0.000446,2.389e-08
0.0004465,4.56159e-08
0.000447,2.24659e-08
0.0004475,6.36347e-10
0.000448,2.14893e-08
0.0004485,4.39143e-08
0.000449,2.3848e-08
0.0004495,1.32138e-09
0.00045,2.15076e-08
0.0004505,4.4642e-08
0.000451,2.28328e-08
0.0004515,4.01653e-10
0.000452,2.3945e-08
0.0004525,4.78005e-08
0.000453,1.94187e-08
0.0004535,4.53548e-09
0.000454,2.88054e-08
0.0004545,3.79678e-08
0.000455,1.36005e-08
0.0004555,1.10863e-08
0.000456,3.60959e-08
0.0004565,3.04758e-08
0.000457,5.36949e-09
0.0004575,2.00637e-08
0.000458,4.61027e-08
0.0004585,2.05737e-08
0.000459,5.28619e-09
0.0004595,3.14808e-08
0.00046,3.45372e-08
0.0004605,8.24704e-09
0.000461,1.83821e-08
0.0004615,4.72699e-08
0.000462,2.05456e-08
0.0004625,6.5221e-09
0.000463,3.39372e-08
0.0004635,3.16183e-08
0.000464,4.10764e-09
0.0004645,2.37551e-08
0.000465,4.14728e-08
0.0004655,1.35146e-08
0.000466,1.48006e-08
0.0004665,5.01162e-08
0.000467,2.17054e-08
0.0004675,7.06736e-09
0.000468,5.75544e-08
0.0004685,2.86858e-08
0.000469,5.49998e-10
0.0004695,3.01576e-08
0.00047,3.44607e-08
0.0004705,4.75602e-09
0.000471,2.53259e-08
0.0004715,3.9034e-08
0.000472,8.85437e-09
0.0004725,2.17082e-08
0.000473,4.2409e-08
0.0004735,1.17479e-08
0.000474,1.9302e-08
0.0004745,4.45878e-08
0.000475,1.34384e-08
0.0004755,1.81058e-08
0.000476,4.5572e-08
0.0004765,1.39272e-08
0.000477,1.81187e-08
0.0004775,4.53621e-08
0.000478,1.32144e-08
0.0004785,1.93409e-08
0.000479,4.3958e-08
0.0004795,1.12994e-08
0.00048,2.17733e-08
0.0004805,4.13584e-08
0.000481,8.18072e-09
0.0004815,7.08443e-08
0.000482,3.75614e-08
0.0004825,3.85607e-09
0.000483,6.63767e-08
0.0004835,3.25643e-08
0.000484,1.67776e-09
0.0004845,6.07144e-08
0.000485,2.63633e-08
0.0004855,8.42481e-09
0.000486,5.38533e-08
0.0004865,1.89539e-08
0.000487,8.07996e-08
0.0004875,4.57883e-08
0.000488,1.03307e-08
0.0004885,7.20856e-08
0.000489,3.65136e-08
0.0004895,4.87478e-10
0.00049,6.21656e-08
0.0004905,2.60225e-08
0.000491,1.0583e-08
0.0004915,5.10324e-08
0.000492,1.43072e-08
0.0004925,7.55239e-08
0.000493,3.86781e-08
0.0004935,1.3594e-09
0.000494,6.25358e-08
0.0004945,2.50935e-08
0.000495,8.58867e-08
0.0004955,4.83196e-08
0.000496,1.02688e-08
0.0004965,7.10439e-08
0.000497,3.2865e-08
0.0004975,9.32721e-08
0.000498,5.4964e-08
0.0004985,1.61606e-08
0.000499,7.65714e-08
0.0004995,3.76351e-08
0.0005,1.80579e-09
0.0005005,5.86224e-08
0.000501,1.90448e-08
0.0005015,7.91276e-08
0.000502,3.94121e-08
0.0005025,9.9156e-08
0.000503,5.9301e-08
0.0005035,1.89263e-08
0.000504,7.87168e-08
0.0005045,3.81984e-08
0.000505,9.76641e-08
0.0005055,5.70006e-08
0.000506,1.58042e-08
0.0005065,7.53376e-08
0.000507,3.39916e-08
0.0005075,9.32139e-08
0.000508,5.17166e-08
0.0005085,9.67261e-09
0.000509,6.89837e-08
0.0005095,2.67836e-08
0.00051,8.57972e-08
0.0005105,4.34391e-08
0.000511,1.02161e-07
0.0005115,5.96433e-08
0.000512,1.65613e-08
0.0005125,7.54001e-08
0.000513,3.2153e-08
0.0005135,9.07133e-08
0.000514,4.72993e-08
0.0005145,1.05587e-07
0.000515,6.20037e-08
0.0005155,1.78377e-08
0.000516,7.62699e-08
0.0005165,3.19291e-08
0.000517,9.01013e-08
0.0005175,4.55836e-08
0.000518,1.03501e-07
0.0005185,5.88045e-08
0.000519,1.16473e-07
0.0005195,7.15949e-08
0.00052,2.611e-08
0.0005205,8.39579e-08
0.000521,3.82853e-08
0.0005215,9.58966e-08
0.000522,5.00338e-08
0.0005225,1.07414e-07
0.000523,6.13583e-08
0.0005235,1.18512e-07
0.000524,7.22615e-08
0.0005245,2.53789e-08
0.000525,8.2746e-08
0.0005255,3.56613e-08
0.000526,9.28144e-08
0.0005265,4.55249e-08
0.000527,1.02469e-07
0.0005275,5.4972e-08
0.000528,1.11712e-07
0.0005285,6.40048e-08
0.000529,1.20546e-07
0.0005295,7.26255e-08
0.00053,1.28973e-07
0.0005305,8.0836e-08
0.000531,3.20305e-08
0.0005315,8.86385e-08
0.000532,3.96091e-08
0.0005325,9.60346e-08
0.000533,4.67782e-08
0.0005335,1.03026e-07
0.000534,5.35396e-08
0.0005345,1.09615e-07
0.000535,5.98949e-08
0.0005355,1.15802e-07
0.000536,6.58456e-08
0.0005365,1.2159e-07
0.000537,7.1393e-08
0.0005375,1.26979e-07
0.000538,7.65385e-08
0.0005385,1.3197e-07
0.000539,8.12833e-08
0.0005395,1.36566e-07
0.00054,8.56285e-08
0.0005405,1.40766e-07
0.000541,8.9575e-08
0.0005415,1.44573e-07
0.000542,9.31239e-08
0.0005425,4.09382e-08
0.000543,9.62758e-08
0.0005435,4.38231e-08
0.000544,9.90317e-08
0.0005445,4.63081e-08
0.000545,1.01392e-07
0.0005455,4.83936e-08
0.000546,1.03357e-07
0.0005465,5.00802e-08
0.000547,1.04928e-07
0.0005475,5.13682e-08
0.000548,1.06105e-07
0.0005485,5.22579e-08
0.000549,1.06887e-07
0.0005495,5.27495e-08
0.00055,1.07276e-07
0.0005505,5.28431e-08
0.000551,1.07272e-07
0.0005515,5.25387e-08
0.000552,1.06873e-07
0.0005525,5.18361e-08
0.000553,1.06081e-07
0.0005535,1.59741e-07
0.000554,1.04894e-07
0.0005545,1.58471e-07
0.000555,1.03314e-07
0.0005555,1.56811e-07
0.000556,1.01338e-07
0.0005565,1.54761e-07
0.000557,9.89674e-08
0.0005575,1.52319e-07
0.000558,9.62008e-08
0.0005585,1.49485e-07
0.000559,9.30377e-08
0.0005595,1.46259e-07
0.00056,8.94773e-08
0.0005605,1.4264e-07
0.000561,8.55187e-08
0.0005615,1.38627e-07
0.000562,8.1161e-08
0.0005625,1.34219e-07
0.000563,7.64031e-08
0.0005635,1.29414e-07
0.000564,7.12438e-08
0.0005645,1.24213e-07
0.000565,6.56819e-08
0.0005655,1.18612e-07
0.000566,1.70985e-07
0.0005665,1.12612e-07
0.000567,1.64952e-07
0.0005675,1.0621e-07
0.000568,1.58521e-07
0.0005685,9.94058e-08
0.000569,1.51691e-07
0.0005695,9.21967e-08
0.00057,1.44461e-07
0.0005705,8.45811e-08
0.000571,1.36829e-07
0.0005715,7.65574e-08
0.000572,1.28792e-07
0.0005725,1.80482e-07
0.000573,1.20349e-07
0.0005735,1.72031e-07
0.000574,1.11497e-07
0.0005745,1.63175e-07
0.000575,1.02235e-07
0.0005755,1.53913e-07
0.000576,9.2561e-08
0.0005765,1.44242e-07
0.000577,8.24715e-08
0.0005775,1.3416e-07
0.000578,1.85315e-07
0.0005785,1.23665e-07
0.000579,1.74832e-07
0.0005795,1.12753e-07
0.00058,1.63936e-07
0.0005805,1.01422e-07
0.000581,1.52626e-07
0.0005815,8.967e-08
0.000582,1.40898e-07
0.0005825,1.916e-07
0.000583,1.28749e-07
0.0005835,1.7948e-07
0.000584,1.16176e-07
0.0005845,1.6694e-07
0.000585,1.03177e-07
0.0005855,1.53977e-07
0.000586,8.97481e-08
0.0005865,1.40588e-07
0.000587,1.90911e-07
0.0005875,1.2677e-07
0.000588,1.77138e-07
0.0005885,1.12519e-07
0.000589,1.62935e-07
0.0005895,9.78314e-08
0.00059,1.483e-07
0.0005905,1.98258e-07
0.000591,1.33228e-07
0.0005915,1.83243e-07
0.000592,1.17717e-07
0.0005925,1.67792e-07
0.000593,1.01763e-07
0.0005935,1.51902e-07
0.000594,2.01537e-07
0.0005945,1.35567e-07
0.000595,1.85271e-07
0.0005955,1.18785e-07
0.000596,1.68561e-07
0.0005965,1.01551e-07
0.000597,1.51403e-07
0.0005975,2.00756e-07
0.000598,1.33792e-07
0.0005985,1.83226e-07
0.000599,1.15724e-07
0.0005995,1.65242e-07
0.0006,9.71942e-08
0.0006005,1.468e-07
0.000601,1.95913e-07
0.0006015,1.27896e-07
0.000602,1.77101e-07
0.0006025,1.08525e-07
0.000603,1.57825e-07
0.0006035,2.06638e-07
0.000604,1.38082e-07
0.0006045,1.86994e-07
0.000605,1.17865e-07
0.0006055,1.6688e-07
0.000606,2.15413e-07
0.0006065,1.46292e-07
0.000607,1.94932e-07
0.0006075,1.25225e-07
0.000608,1.73976e-07
0.0006085,2.22248e-07
0.000609,1.52538e-07
0.0006095,2.00926e-07
0.00061,1.30613e-07
0.0006105,1.7912e-07
0.000611,1.08196e-07
0.0006115,1.56826e-07
0.000612,2.0498e-07
0.0006125,1.34037e-07
0.000613,1.82318e-07
0.0006135,1.10748e-07
0.000614,1.5916e-07
0.0006145,2.07101e-07
0.000615,1.35499e-07
0.0006155,1.83574e-07
0.000616,2.31183e-07
0.0006165,1.59543e-07
0.000617,2.0729e-07
0.0006175,1.35001e-07
0.000618,1.8289e-07
0.0006185,2.30315e-07
0.000619,1.57976e-07
0.0006195,2.05547e-07
0.00062,1.32542e-07
0.0006205,1.80263e-07
0.000621,2.27524e-07
0.0006215,1.54456e-07
0.000622,2.0187e-07
0.0006225,1.28119e-07
0.000623,1.7569e-07
0.0006235,2.22805e-07
0.000624,1.48978e-07
0.0006245,1.96254e-07
0.000625,1.21727e-07
0.0006255,1.69167e-07
0.000626,2.16154e-07
0.0006265,1.41537e-07
0.000627,1.88692e-07
0.0006275,2.35398e-07
0.000628,1.60684e-07
0.0006285,2.07561e-07
0.000629,1.32122e-07
0.0006295,1.79175e-07
0.00063,2.25782e-07
0.0006305,1.50232e-07
0.000631,1.97017e-07
0.0006315,2.4336e-07
0.000632,1.67691e-07
0.0006325,2.14216e-07
0.000633,1.37797e-07
0.0006335,1.84508e-07
0.000634,2.30779e-07
0.0006345,1.54227e-07
0.000635,2.00688e-07
0.0006355,2.46712e-07
0.000636,1.7002e-07
0.0006365,2.16237e-07
0.000637,1.38765e-07
0.0006375,1.8518e-07
0.000638,2.3116e-07
0.0006385,1.53533e-07
0.000639,1.99715e-07
0.0006395,2.45464e-07
0.00064,1.67674e-07
0.0006405,2.13628e-07
0.000641,2.59152e-07
0.0006415,1.81192e-07
0.000642,2.26924e-07
0.0006425,1.48148e-07
0.000643,1.94092e-07
0.0006435,2.3961e-07
0.000644,1.60647e-07
0.0006445,2.0638e-07
0.000645,2.51689e-07
0.0006455,1.72531e-07
0.000646,2.18059e-07
0.0006465,2.63165e-07
0.000647,1.83805e-07
0.0006475,2.29133e-07
0.000648,1.48917e-07
0.0006485,1.94472e-07
0.000649,2.39607e-07
0.0006495,1.59171e-07
0.00065,2.04536e-07
0.0006505,2.49484e-07
0.000651,1.68821e-07
0.0006515,2.14002e-07
0.000652,2.58768e-07
0.0006525,1.77868e-07
0.000653,2.22871e-07
0.0006535,2.67462e-07
0.000654,1.86318e-07
0.0006545,2.31148e-07
0.000655,2.75569e-07
0.0006555,1.94171e-07
0.000656,2.38835e-07
0.0006565,1.5652e-07
0.000657,2.01432e-07
0.0006575,2.45936e-07
0.000658,1.63349e-07
0.0006585,2.08103e-07
0.000659,2.52452e-07
0.0006595,1.69584e-07
0.00066,2.14187e-07
0.0006605,2.58385e-07
0.000661,1.75228e-07
0.0006615,2.19684e-07
0.000662,2.63739e-07
0.0006625,1.80282e-07
0.000663,2.24598e-07
0.0006635,2.68514e-07
0.000664,1.84749e-07
0.0006645,2.2893e-07
0.000665,2.72712e-07
0.0006655,1.88631e-07
0.000666,2.32681e-07
0.0006665,2.76336e-07
0.000667,1.91927e-07
0.0006675,2.35853e-07
0.000668,2.79385e-07
0.0006685,1.9464e-07
0.000669,2.38447e-07
0.0006695,2.81862e-07
0.00067,1.9677e-07
0.0006705,2.40463e-07
0.000671,2.83767e-07
0.0006715,1.98319e-07
0.000672,2.41903e-07
0.0006725,2.851e-07
0.000673,1.99286e-07
0.0006735,2.42767e-07
0.000674,2.85862e-07
0.0006745,1.99672e-07
0.000675,2.43055e-07
0.0006755,2.86054e-07
0.000676,1.99476e-07
0.0006765,2.42767e-07
0.000677,2.85674e-07
0.0006775,1.987e-07
0.000678,2.41903e-07
0.0006785,2.84724e-07
0.000679,1.97343e-07
0.0006795,2.40462e-07
0.00068,2.83202e-07
0.0006805,1.95403e-07
0.000681,2.38445e-07
0.0006815,2.81109e-07
0.000682,1.92881e-07
0.0006825,2.3585e-07
0.000683,2.78443e-07
0.0006835,1.89774e-07
0.000684,2.32676e-07
0.0006845,2.75203e-07
0.000685,1.86083e-07
0.0006855,2.28923e-07
0.000686,2.71388e-07
0.0006865,1.81806e-07
0.000687,2.24588e-07
0.0006875,2.66997e-07
0.000688,3.09036e-07
0.0006885,2.1967e-07
0.000689,2.62028e-07
0.0006895,3.04017e-07
0.00069,2.14168e-07
0.0006905,2.56479e-07
0.000691,2.98422e-07
0.0006915,2.08079e-07
0.000692,2.50348e-07
0.0006925,2.92251e-07
0.000693,2.014e-07
0.0006935,2.43633e-07
0.000694,2.855e-07
0.0006945,1.94131e-07
0.000695,2.36331e-07
0.0006955,2.78168e-07
0.000696,3.19644e-07
0.0006965,2.2844e-07
0.000697,2.70251e-07
0.0006975,3.11702e-07
0.000698,2.19957e-07
0.0006985,2.61746e-07
0.000699,3.03177e-07
0.0006995,2.10879e-07
0.0007,2.52652e-07
0.0007005,2.94067e-07
0.000701,2.01202e-07
0.0007015,2.42963e-07
0.000702,2.84367e-07
0.0007025,3.25417e-07
0.000703,2.32677e-07
0.0007035,2.74075e-07
0.000704,3.1512e-07
0.0007045,2.2179e-07
0.000705,2.63186e-07
0.0007055,3.0423e-07
0.000706,2.10297e-07
0.0007065,2.51697e-07
0.000707,2.92745e-07
0.0007075,3.33445e-07
0.000708,2.39603e-07
0.0007085,2.8066e-07
0.000709,3.2137e-07
0.0007095,2.269e-07
0.00071,2.6797e-07
0.0007105,3.08694e-07
0.000711,2.13583e-07
0.0007115,2.54671e-07
0.000712,2.95414e-07
0.0007125,3.35813e-07
0.000713,2.40758e-07
0.0007135,2.81524e-07
0.000714,3.21947e-07
0.0007145,2.26226e-07
0.000715,2.6702e-07
0.0007155,3.07471e-07
0.000716,2.11069e-07
0.0007165,2.51895e-07
0.000717,2.9238e-07
0.0007175,3.32526e-07
0.000718,2.36146e-07
0.0007185,2.76668e-07
0.000719,3.16852e-07
0.0007195,2.19764e-07
0.00072,2.60329e-07
0.0007205,3.00556e-07
0.000721,3.40448e-07
0.0007215,2.43357e-07
0.000722,2.83632e-07
0.0007225,3.23572e-07
0.000723,2.25747e-07
0.0007235,2.66073e-07
0.000724,3.06065e-07
0.0007245,3.45726e-07
0.000725,2.47873e-07
0.0007255,2.87922e-07
0.000726,3.2764e-07
0.0007265,2.29025e-07
0.000727,2.69136e-07
0.0007275,3.08916e-07
0.000728,3.48368e-07
0.0007285,2.49699e-07
0.000729,2.89546e-07
0.0007295,3.29065e-07
0.00073,2.29605e-07
0.0007305,2.69523e-07
0.000731,3.09113e-07
0.0007315,3.48378e-07
0.000732,2.48839e-07
0.0007325,2.88505e-07
0.000733,3.27846e-07
0.0007335,2.27487e-07
0.000734,2.67233e-07
0.0007345,3.06656e-07
0.000735,3.45756e-07
0.0007355,2.4529e-07
0.000736,2.84797e-07
0.0007365,3.23983e-07
0.000737,3.62849e-07
0.0007375,2.62264e-07
0.000738,3.01539e-07
0.0007385,3.40496e-07
0.000739,2.39045e-07
0.0007395,2.78416e-07
0.00074,3.17467e-07
0.0007405,3.56201e-07
0.000741,2.54604e-07
0.0007415,2.93755e-07
0.000742,3.32589e-07
0.0007425,3.71108e-07
0.000743,2.6935e-07
0.0007435,3.08287e-07
0.000744,3.46911e-07
0.0007445,2.44242e-07
0.000745,2.83289e-07
0.0007455,3.22021e-07
0.000746,3.60441e-07
0.0007465,2.57583e-07
0.000747,2.96428e-07
0.0007475,3.34962e-07
0.000748,3.73186e-07
0.0007485,2.70123e-07
0.000749,3.08774e-07
0.0007495,3.47116e-07
0.00075,2.43095e-07
0.0007505,2.81869e-07
0.000751,3.20333e-07
0.0007515,3.5849e-07
0.000752,2.54235e-07
0.0007525,2.92826e-07
0.000753,3.3111e-07
0.0007535,3.69088e-07
0.000754,2.64585e-07
0.0007545,3.03e-07
0.000755,3.4111e-07
0.0007555,3.78916e-07
0.000756,2.74149e-07
0.0007565,3.12395e-07
0.000757,3.50337e-07
0.0007575,3.87979e-07
0.000758,2.82932e-07
0.0007585,3.21016e-07
0.000759,3.58797e-07
0.0007595,2.5271e-07
0.00076,2.90939e-07
0.0007605,3.28866e-07
0.000761,3.66493e-07
0.0007615,2.60096e-07
0.000762,2.98173e-07
0.0007625,3.3595e-07
0.000763,3.73429e-07
0.0007635,2.66706e-07
0.000764,3.04637e-07
0.0007645,3.4227e-07
0.000765,3.79608e-07
0.0007655,2.72543e-07
0.000766,3.10335e-07
0.0007665,3.47831e-07
0.000767,3.85032e-07
0.0007675,2.77609e-07
0.000768,3.15268e-07
0.0007685,3.52633e-07
0.000769,3.89705e-07
0.0007695,2.81908e-07
0.00077,3.1944e-07
0.0007705,3.5668e-07
0.000771,3.93629e-07
0.0007715,2.8544e-07
0.000772,3.22852e-07
0.0007725,3.59973e-07
0.000773,3.96804e-07
0.0007735,2.88209e-07
0.000774,3.25506e-07
0.0007745,3.62513e-07
0.000775,3.99234e-07
0.0007755,2.90214e-07
0.000776,3.27402e-07
0.0007765,3.64303e-07
0.000777,4.00918e-07
0.0007775,2.91456e-07
0.000778,3.28542e-07
0.0007785,3.65342e-07
0.000779,4.01857e-07
0.0007795,2.91938e-07
0.00078,3.28927e-07
0.0007805,3.65631e-07
0.000781,4.02053e-07
0.0007815,2.91657e-07
0.000782,3.28555e-07
0.0007825,3.6517e-07
0.000783,4.01504e-07
0.0007835,2.90615e-07
0.000784,3.27428e-07
0.0007845,3.63959e-07
0.000785,4.0021e-07
0.0007855,2.8881e-07
0.000786,3.25544e-07
0.0007865,3.61997e-07
0.000787,3.98172e-07
0.0007875,2.86242e-07
0.000788,3.22902e-07
0.0007885,3.59283e-07
0.000789,3.95387e-07
0.0007895,2.82909e-07
0.00079,3.19502e-07
0.0007905,3.55816e-07
0.000791,3.91855e-07
0.0007915,4.27619e-07
0.000792,3.1534e-07
0.0007925,3.51594e-07
0.000793,3.87573e-07
0.0007935,4.23278e-07
0.000794,3.10416e-07
0.0007945,3.46615e-07
0.000795,3.82539e-07
0.0007955,4.18192e-07
0.000796,3.04727e-07
0.0007965,3.40875e-07
0.000797,3.76751e-07
0.0007975,4.12356e-07
0.000798,2.98269e-07
0.0007985,3.34374e-07
0.000799,3.70207e-07
0.0007995,4.0577e-07
0.0008,2.9104e-07
0.0008005,3.27106e-07
0.000801,3.62902e-07
0.0008015,3.98428e-07
0.000802,4.33688e-07
0.0008025,3.1907e-07
0.000803,3.54833e-07
0.0008035,3.90328e-07
0.000804,4.25557e-07
0.0008045,3.1026e-07
0.000805,3.45996e-07
0.0008055,3.81466e-07
0.000806,4.1667e-07
0.0008065,3.00672e-07
0.000807,3.36388e-07
0.0008075,3.71837e-07
0.000808,4.07022e-07
0.0008085,4.41945e-07
0.000809,3.26002e-07
0.0008095,3.61436e-07
0.00081,3.96607e-07
0.0008105,4.31517e-07
0.000811,3.14835e-07
0.0008115,3.50259e-07
0.000812,3.85421e-07
0.0008125,4.20323e-07
0.000813,4.54965e-07
0.0008135,3.383e-07
0.000814,3.73459e-07
0.0008145,4.08358e-07
0.000815,4.42998e-07
0.0008155,3.25553e-07
0.000816,3.60714e-07
0.0008165,3.95615e-07
0.000817,4.30259e-07
0.0008175,3.12012e-07
0.000818,3.4718e-07
0.0008185,3.82089e-07
0.000819,4.16741e-07
0.0008195,4.51139e-07
0.00082,3.3285e-07
0.0008205,3.67772e-07
0.000821,4.02439e-07
0.0008215,4.3685e-07
0.000822,3.17718e-07
0.0008225,3.52659e-07
0.000823,3.87344e-07
0.0008235,4.21775e-07
0.000824,4.55955e-07
0.0008245,3.3674e-07
0.000825,3.7145e-07
0.0008255,4.05906e-07
0.000826,4.40111e-07
0.0008265,3.20009e-07
0.000827,3.54748e-07
0.0008275,3.89234e-07
0.000828,4.2347e-07
0.0008285,4.57456e-07
0.000829,3.37231e-07
0.0008295,3.71753e-07
0.00083,4.06024e-07
0.0008305,4.40046e-07
0.000831,4.73821e-07
0.0008315,3.53452e-07
0.000832,3.87764e-07
0.0008325,4.21827e-07
0.000833,4.55644e-07
0.0008335,3.34322e-07
0.000834,3.68681e-07
0.0008345,4.02791e-07
0.000835,4.36655e-07
0.0008355,4.70274e-07
0.000836,3.48765e-07
0.0008365,3.82927e-07
0.000837,4.16843e-07
0.0008375,4.50515e-07
0.000838,3.28007e-07
0.0008385,3.62227e-07
0.000839,3.962e-07
0.0008395,4.2993e-07
0.00084,4.63417e-07
0.0008405,3.40678e-07
0.000841,3.74714e-07
0.0008415,4.08507e-07
0.000842,4.42057e-07
0.0008425,4.75367e-07
0.000843,3.52375e-07
0.0008435,3.86236e-07
0.000844,4.19855e-07
0.0008445,4.53233e-07
0.000845,4.86374e-07
0.0008455,3.63106e-07
0.000846,3.96798e-07
0.0008465,4.30251e-07
0.000847,4.63465e-07
0.0008475,3.39105e-07
0.000848,3.72876e-07
0.0008485,4.06407e-07
0.000849,4.39701e-07
0.0008495,4.72757e-07
0.00085,3.48076e-07
0.0008505,3.81692e-07
0.000851,4.15069e-07
0.0008515,4.4821e-07
0.000852,4.81116e-07
0.0008525,3.56091e-07
0.000853,3.89558e-07
0.0008535,4.22788e-07
0.000854,4.55784e-07
0.0008545,4.88547e-07
0.000855,3.63153e-07
0.0008555,3.96479e-07
0.000856,4.2957e-07
0.0008565,4.62427e-07
0.000857,4.95053e-07
0.0008575,3.69268e-07
0.000858,4.02459e-07
0.0008585,4.35417e-07
0.000859,4.68143e-07
0.0008595,5.00639e-07
0.00086,3.74439e-07
0.0008605,4.07502e-07
0.000861,4.40333e-07
0.0008615,4.72935e-07
0.000862,5.05308e-07
0.0008625,3.78668e-07
0.000863,4.1161e-07
0.0008635,4.44322e-07
0.000864,4.76805e-07
0.0008645,5.09062e-07
0.000865,3.81958e-07
0.0008655,4.14786e-07
0.000866,4.47385e-07
0.0008665,4.79757e-07
0.000867,5.11904e-07
0.0008675,3.84311e-07
0.000868,4.17031e-07
0.0008685,4.49524e-07
0.000869,4.81791e-07
0.0008695,5.13834e-07
0.00087,3.85728e-07
0.0008705,4.18348e-07
0.000871,4.50741e-07
0.0008715,4.82909e-07
0.000872,5.14855e-07
0.0008725,3.8621e-07
0.000873,4.18735e-07
0.0008735,4.51035e-07
0.000874,4.83112e-07
0.0008745,5.14967e-07
0.000875,3.85757e-07
0.0008755,4.18194e-07
0.000876,4.50407e-07
0.0008765,4.82398e-07
0.000877,5.14169e-07
0.0008775,3.84369e-07
0.000878,4.16724e-07
0.0008785,4.48856e-07
0.000879,4.80768e-07
0.0008795,5.1246e-07
0.00088,3.82044e-07
0.0008805,4.14323e-07
0.000881,4.46382e-07
0.0008815,4.7822e-07
0.000882,5.09841e-07
0.0008825,3.78781e-07
0.000883,4.10992e-07
0.0008835,4.42982e-07
0.000884,4.74754e-07
0.0008845,5.06309e-07
0.000885,3.74578e-07
0.0008855,4.06726e-07
0.000886,4.38655e-07
0.0008865,4.70366e-07
0.000887,5.01861e-07
0.0008875,5.33142e-07
0.000888,4.01524e-07
0.0008885,4.33397e-07
0.000889,4.65054e-07
0.0008895,4.96496e-07
0.00089,5.27724e-07
0.0008905,3.95382e-07
0.000891,4.27206e-07
0.0008915,4.58814e-07
0.000892,4.90209e-07
0.0008925,5.2139e-07
0.000893,3.88296e-07
0.0008935,4.20077e-07
0.000894,4.51643e-07
0.0008945,4.82996e-07
0.000895,5.14138e-07
0.0008955,5.45068e-07
0.000896,4.12007e-07
0.0008965,4.43537e-07
0.000897,4.74854e-07
0.0008975,5.05961e-07
0.000898,5.36858e-07
0.0008985,4.0299e-07
0.000899,4.34489e-07
0.0008995,4.65777e-07
0.0009,4.96856e-07
